Tiger ID,Viznet/M6 ID,GAM ID,MRC (converted),NRC (converted),Program Manager,Evolve Status
818788,,818788,,,,
817964,,817964,100,100,fasdf,Work in Progress
812616,,812616,,,,
812616,,812616,,,,
812616,,812616,,,,
818887,,818887,,,,
804351,,804351,,,,
804622,,804622,,,,
813480,,813480,,,,
758824,,758824,,,,
793335,,793335,,,,
804110,,804110,,,,
804110,,804110,,,,
804110,,804110,,,,
818831,,818831,,,,
787166,,787166,,,,
787166,,787166,,,,
787166,,787166,,,,
762954,,762954,,,,
812252,,812252,,,,
806851,,806851,,,,
737935,,737935,,,,
816858,,816858,,,,
796114,,796114,,,,
790644,,790644,,,,
816069,,816069,,,,
813798,,813798,,,,
817446,,817446,,,,
817446,,817446,,,,
800001,,800001,,,,
800001,,800001,,,,
800001,,800001,,,,
800001,,800001,,,,
800001,,800001,,,,
800001,,800001,,,,
800001,,800001,,,,
810325,,810325,,,,
798866,,798866,,,,
804397,,804397,,,,
798503,,798503,,,,
798340,,798340,,,,
817606,,817606,,,,
812593,,812593,,,,
812593,,812593,,,,
735847,,735847,,,,
735847,,735847,,,,
764245,,764245,,,,
798868,,798868,,,,
795490,,795490,,,,
810014,,810014,,,,
810014,,810014,,,,
819928,,819928,,,,
776703,,776703,,,,
799271,,799271,,,,
812593,,812593,,,,
798510,,798510,,,,
791632,,791632,,,,
810014,,810014,,,,
795490,,795490,,,,
817105,,817105,,,,
810014,,810014,,,,
810014,,810014,,,,
819928,,819928,,,,
810014,,810014,,,,
799271,,799271,,,,
812593,,812593,,,,
791632,,791632,,,,
798510,,798510,,,,
798416,,798416,,,,
798416,,798416,,,,
795490,,795490,,,,
819635,,819635,,,,
799273,,799273,,,,
798510,,798510,,,,
815994,,815994,,,,
802412,,802412,,,,
735847,,735847,,,,
819367,,819367,,,,
819367,,819367,,,,
799271,,799271,,,,
819367,,819367,,,,
799273,,799273,,,,
812980,,812980,,,,
799274,,799274,,,,
791632,,791632,,,,
798510,,798510,,,,
817594,,817594,,,,
810548,,810548,,,,
808885,,808885,,,,
654946,,654946,,,,
814623,,814623,,,,
814623,,814623,,,,
815202,,815202,,,,
818068,,818068,,,,
815711,,815711,,,,
675827,,675827,,,,
799187,,799187,,,,
799187,,799187,,,,
731031,,731031,,,,
731031,,731031,,,,
817180,,817180,,,,
731031,,731031,,,,
731031,,731031,,,,
731031,,731031,,,,
807012,,807012,,,,
731031,,731031,,,,
731031,,731031,,,,
731031,,731031,,,,
731031,,731031,,,,
731031,,731031,,,,
731031,,731031,,,,
731031,,731031,,,,
731031,,731031,,,,
809862,,809862,,,,
815918,,815918,,,,
815918,,815918,,,,
815918,,815918,,,,
815918,,815918,,,,
776827,,776827,,,,
782818,,782818,,,,
782818,,782818,,,,
818748,,818748,,,,
778418,,778418,,,,
778305,,778305,,,,
777763,,777763,,,,
767436,,767436,,,,
816283,,816283,,,,
776827,,776827,,,,
787169,,787169,,,,
785146,,785146,,,,
785146,,785146,,,,
785146,,785146,,,,
785146,,785146,,,,
785146,,785146,,,,
785146,,785146,,,,
785146,,785146,,,,
785146,,785146,,,,
785146,,785146,,,,
790352,,790352,,,,
816536,,816536,,,,
817495,,817495,,,,
817495,,817495,,,,
819687,,819687,,,,
807823,,807823,,,,
810736,,810736,,,,
800969,,800969,,,,
816591,,816591,,,,
809795,,809795,,,,
809795,,809795,,,,
809795,,809795,,,,
809794,,809794,,,,
704758,,704758,,,,
704758,,704758,,,,
807824,,807824,,,,
820466,,820466,,,,
820241,,820241,,,,
739391,,739391,,,,
787486,,787486,,,,
798448,,798448,,,,
819961,,819961,,,,
816821,,816821,,,,
788708,,788708,,,,
788708,,788708,,,,
816821,,816821,,,,
816821,,816821,,,,
816821,,816821,,,,
816821,,816821,,,,
806640,,806640,,,,
807396,,807396,,,,
796519,,796519,,,,
806712,,806712,,,,
806736,,806736,,,,
796465,,796465,,,,
796514,,796514,,,,
796483,,796483,,,,
796475,,796475,,,,
796501,,796501,,,,
758388,,758388,,,,
796515,,796515,,,,
796517,,796517,,,,
806726,,806726,,,,
806725,,806725,,,,
796518,,796518,,,,
796518,,796518,,,,
796520,,796520,,,,
806615,,806615,,,,
790374,,790374,,,,
728417,,728417,,,,
807230,,807230,,,,
807230,,807230,,,,
807230,,807230,,,,
814255,,814255,,,,
807230,,807230,,,,
800000,,800000,,,,
800000,,800000,,,,
791589,,791589,,,,
800000,,800000,,,,
798408,,798408,,,,
798408,,798408,,,,
798412,,798412,,,,
798408,,798408,,,,
798412,,798412,,,,
694088,,694088,,,,
816842,,816842,,,,
799587,,799587,,,,
799586,,799586,,,,
799423,,799423,,,,
819324,,819324,,,,
819322,,819322,,,,
819163,,819163,,,,
818461,,818461,,,,
818461,,818461,,,,
818461,,818461,,,,
818461,,818461,,,,
818461,,818461,,,,
818461,,818461,,,,
818461,,818461,,,,
804130,,804130,,,,
804130,,804130,,,,
804130,,804130,,,,
816598,,816598,,,,
786233,,786233,,,,
813028,,813028,,,,
813028,,813028,,,,
813324,,813324,,,,
813324,,813324,,,,
818715,,818715,,,,
818715,,818715,,,,
814683,,814683,,,,
818716,,818716,,,,
811249,,811249,,,,
749357,,749357,,,,
818716,,818716,,,,
804724,,804724,,,,
817818,,817818,,,,
818715,,818715,,,,
760638,,760638,,,,
805165,,805165,,,,
815506,,815506,,,,
815506,,815506,,,,
815506,,815506,,,,
815506,,815506,,,,
815506,,815506,,,,
819775,,819775,,,,
815506,,815506,,,,
795892,,795892,,,,
795892,,795892,,,,
795892,,795892,,,,
795892,,795892,,,,
811808,,811808,,,,
795892,,795892,,,,
749357,,749357,,,,
818715,,818715,,,,
749357,,749357,,,,
795892,,795892,,,,
815506,,815506,,,,
816580,,816580,,,,
816580,,816580,,,,
805751,,805751,,,,
809625,,809625,,,,
799448,,799448,,,,
799414,,799414,,,,
799455,,799455,,,,
799452,,799452,,,,
799448,,799448,,,,
799448,,799448,,,,
799448,,799448,,,,
799414,,799414,,,,
799414,,799414,,,,
791904,,791904,,,,
816369,,816369,,,,
817947,,817947,,,,
779638,,779638,,,,
812090,,812090,,,,
780116,,780116,,,,
752913,,752913,,,,
760721,,760721,,,,
789585,,789585,,,,
789585,,789585,,,,
789585,,789585,,,,
789275,,789275,,,,
812516,,812516,,,,
785347,,785347,,,,
785349,,785349,,,,
749249,,749249,,,,
749249,,749249,,,,
782600,,782600,,,,
743061,,743061,,,,
743062,,743062,,,,
819495,,819495,,,,
816252,,816252,,,,
817232,,817232,,,,
815127,,815127,,,,
815127,,815127,,,,
815127,,815127,,,,
815127,,815127,,,,
815127,,815127,,,,
815127,,815127,,,,
815127,,815127,,,,
815127,,815127,,,,
,135_28P120316,135_28P120316,200,200,,Work in Progress
,3_12T230316,3_12T230316,,,,
,3_1C210316,3_1C210316,,,,
